Customer_ID,Churn_Prob,CLV,Action,Customer_Stays,Reward,CLV_Segment,Churn_Segment
1,0.88,386.9612403100775,No Action,False,0.0,Low CLV,High Risk
2,0.19,100.98193832599118,Promotion,True,50.98193832599118,Low CLV,Low Risk
3,0.79,164.80279151943463,Promotion,False,-50.0,Low CLV,High Risk
4,0.83,180.403407079646,No Action,True,180.403407079646,Low CLV,High Risk
5,0.89,269.7006198347107,No Action,True,269.7006198347107,Low CLV,High Risk
6,0.08,5190.113076923077,No Action,True,5190.113076923077,High CLV,Low Risk
7,0.26,1197.3373770491803,No Action,False,0.0,High CLV,Low Risk
8,0.35,98.82267857142855,No Action,False,0.0,Low CLV,Medium Risk
9,0.62,28.96666666666667,Promotion,False,-50.0,Low CLV,Medium Risk
10,0.12,1626.444678362573,Promotion,False,-50.0,High CLV,Low Risk
11,0.17,519.4809782608695,No Action,True,519.4809782608695,High CLV,Low Risk
12,0.82,39.92112676056338,No Action,False,0.0,Low CLV,High Risk
13,0.16,34.90869565217392,No Action,True,34.90869565217392,Low CLV,Low Risk
14,0.89,58.82490566037736,No Action,False,0.0,Low CLV,High Risk
15,0.81,1939.6864,No Action,False,0.0,High CLV,High Risk
16,0.33,870.2890460526316,Promotion,True,820.2890460526316,High CLV,Low Risk
17,0.74,136.24817518248176,No Action,False,0.0,Low CLV,High Risk
18,0.27,130.0097969543147,Promotion,False,-50.0,Low CLV,Low Risk
19,0.27,9112.95,No Action,True,9112.95,High CLV,Low Risk
20,0.9,6420.21754385965,No Action,False,0.0,High CLV,High Risk
21,0.5,333.13931888544886,Promotion,True,283.13931888544886,Low CLV,Medium Risk
22,0.31,58.5391959798995,No Action,True,58.5391959798995,Low CLV,Low Risk
23,0.65,35.449740932642484,Promotion,False,-50.0,Low CLV,Medium Risk
24,0.19,835.9668111455109,No Action,True,835.9668111455109,High CLV,Low Risk
25,0.36,640.703193277311,No Action,False,0.0,High CLV,Medium Risk
26,0.27,1718.2285714285713,No Action,False,0.0,High CLV,Low Risk
27,0.84,862.7916477272728,No Action,False,0.0,High CLV,High Risk
28,0.73,159.0056782334385,Promotion,True,109.00567823343849,Low CLV,High Risk
29,0.79,101.2659375,No Action,False,0.0,Low CLV,High Risk
30,0.62,257.5322580645161,No Action,False,0.0,Low CLV,Medium Risk
31,0.53,419.8398175182482,Promotion,False,-50.0,Low CLV,Medium Risk
32,0.87,455.3147076923077,Promotion,False,-50.0,Low CLV,High Risk
33,0.85,373.4300518134715,No Action,True,373.4300518134715,Low CLV,High Risk
34,0.56,56.4,No Action,False,0.0,Low CLV,Medium Risk
35,0.84,1485.511836734694,No Action,False,0.0,High CLV,High Risk
36,0.8,2203.2641489361704,No Action,False,0.0,High CLV,High Risk
37,0.72,3179.243921568628,No Action,True,3179.243921568628,High CLV,High Risk
38,0.24,172.4601851851852,Promotion,True,122.4601851851852,Low CLV,Low Risk
39,0.21,28.69169230769231,Promotion,False,-50.0,Low CLV,Low Risk
40,0.26,338.428,Promotion,True,288.428,Low CLV,Low Risk
41,0.15,631.7130038022814,Promotion,True,581.7130038022814,High CLV,Low Risk
42,0.86,241.32425742574256,No Action,False,0.0,Low CLV,High Risk
43,0.19,346.54219780219785,Promotion,True,296.54219780219785,Low CLV,Low Risk
44,0.7,2985.30909090909,Promotion,False,-50.0,High CLV,High Risk
45,0.49,287.9191304347826,Promotion,False,-50.0,Low CLV,Medium Risk
46,0.74,69.14285714285714,Promotion,True,19.14285714285714,Low CLV,High Risk
47,0.68,88.76079422382672,No Action,True,88.76079422382672,Low CLV,High Risk
48,0.47,356.4166666666667,Promotion,False,-50.0,Low CLV,Medium Risk
49,0.92,150.7663043478261,No Action,False,0.0,Low CLV,High Risk
50,0.87,399.4917073170732,Promotion,False,-50.0,Low CLV,High Risk
51,0.3,1469.9808238636365,No Action,True,1469.9808238636365,High CLV,Low Risk
52,0.76,515.1375,Promotion,False,-50.0,High CLV,High Risk
53,0.16,985.32,Promotion,True,935.32,High CLV,Low Risk
54,0.85,1113.565090909091,Promotion,True,1063.565090909091,High CLV,High Risk
55,0.29,4598.791891891891,Promotion,False,-50.0,High CLV,Low Risk
56,0.21,246.9147692307692,Promotion,False,-50.0,Low CLV,Low Risk
57,0.79,51906.375,No Action,False,0.0,High CLV,High Risk
58,0.28,413.0171929824561,Promotion,True,363.0171929824561,Low CLV,Low Risk
59,0.85,636.4285714285716,Promotion,False,-50.0,High CLV,High Risk
60,0.78,18.63111111111111,Promotion,False,-50.0,Low CLV,High Risk
61,0.83,446.7125581395349,Promotion,False,-50.0,Low CLV,High Risk
62,0.13,13.75157894736842,No Action,True,13.75157894736842,Low CLV,Low Risk
63,0.23,128.01394422310756,Promotion,True,78.01394422310756,Low CLV,Low Risk
64,0.08,767.976,No Action,True,767.976,High CLV,Low Risk
65,0.3,609.7204379562045,No Action,True,609.7204379562045,High CLV,Low Risk
66,0.43,1402.0425714285714,Promotion,False,-50.0,High CLV,Medium Risk
67,0.69,169.0223754789272,Promotion,False,-50.0,Low CLV,High Risk
68,0.68,21451.5,Promotion,False,-50.0,High CLV,High Risk
69,0.72,194.37473684210528,No Action,True,194.37473684210528,Low CLV,High Risk
70,0.12,222.50579150579148,No Action,True,222.50579150579148,Low CLV,Low Risk
71,0.68,190.02137404580156,Promotion,False,-50.0,Low CLV,High Risk
72,0.81,230.76322475570032,No Action,False,0.0,Low CLV,High Risk
73,0.8,467.26219780219776,Promotion,False,-50.0,Low CLV,High Risk
74,0.13,7239.913333333333,No Action,True,7239.913333333333,High CLV,Low Risk
75,0.18,37.93333333333334,No Action,False,0.0,Low CLV,Low Risk
76,0.5,67.8570786516854,No Action,True,67.8570786516854,Low CLV,Medium Risk
77,0.76,964.2569014084506,No Action,False,0.0,High CLV,High Risk
78,0.79,1412.556923076923,No Action,False,0.0,High CLV,High Risk
79,0.18,38.81783950617284,No Action,True,38.81783950617284,Low CLV,Low Risk
80,0.24,381.4,No Action,True,381.4,Low CLV,Low Risk
81,0.34,8230.08,Promotion,True,8180.08,High CLV,Medium Risk
82,0.07,1815.6880365296804,No Action,True,1815.6880365296804,High CLV,Low Risk
83,0.68,246.23379310344828,No Action,False,0.0,Low CLV,High Risk
84,0.47,4166.15625,No Action,True,4166.15625,High CLV,Medium Risk
85,0.87,115.50803571428573,No Action,False,0.0,Low CLV,High Risk
86,0.86,980.2895154185022,Promotion,False,-50.0,High CLV,High Risk
87,0.7,61.31584158415842,Promotion,False,-50.0,Low CLV,High Risk
88,0.44,128.67225,No Action,True,128.67225,Low CLV,Medium Risk
89,0.94,666.2486486486488,No Action,False,0.0,High CLV,High Risk
90,0.13,79.91315985130112,No Action,False,0.0,Low CLV,Low Risk
91,0.15,259.93695652173915,No Action,True,259.93695652173915,Low CLV,Low Risk
92,0.44,112.69958823529412,No Action,True,112.69958823529412,Low CLV,Medium Risk
93,0.94,2203.2,No Action,False,0.0,High CLV,High Risk
94,0.29,320.899223880597,No Action,True,320.899223880597,Low CLV,Low Risk
95,0.89,11.411446153846152,No Action,False,0.0,Low CLV,High Risk
96,0.78,590.875652173913,Promotion,False,-50.0,High CLV,High Risk
97,0.16,517.410403587444,No Action,True,517.410403587444,High CLV,Low Risk
98,0.13,14.671942446043165,No Action,False,0.0,Low CLV,Low Risk
99,0.55,838.5898564593302,No Action,False,0.0,High CLV,Medium Risk
100,0.82,2561.86,No Action,False,0.0,High CLV,High Risk
101,0.56,121.15402266288952,No Action,False,0.0,Low CLV,Medium Risk
102,0.88,282.0585365853659,No Action,False,0.0,Low CLV,High Risk
103,0.54,154.29563909774436,No Action,False,0.0,Low CLV,Medium Risk
104,0.84,2178.526736842105,No Action,False,0.0,High CLV,High Risk
105,0.91,72.62758620689654,No Action,False,0.0,Low CLV,High Risk
106,0.37,2229.55774566474,No Action,True,2229.55774566474,High CLV,Medium Risk
107,0.95,424.0888888888889,No Action,False,0.0,Low CLV,High Risk
108,0.72,186.3239583333333,Promotion,False,-50.0,Low CLV,High Risk
109,0.73,566.52,No Action,False,0.0,High CLV,High Risk
110,0.89,404.6787692307692,No Action,False,0.0,Low CLV,High Risk
111,0.19,1668.2698224852072,No Action,True,1668.2698224852072,High CLV,Low Risk
112,0.81,2398.9572413793103,No Action,False,0.0,High CLV,High Risk
113,0.45,105.26923076923076,No Action,True,105.26923076923076,Low CLV,Medium Risk
114,0.37,65.468,No Action,False,0.0,Low CLV,Medium Risk
115,0.14,653.2543373493975,No Action,True,653.2543373493975,High CLV,Low Risk
116,0.74,1127.932682926829,No Action,True,1127.932682926829,High CLV,High Risk
117,0.92,980.2870535714284,Promotion,False,-50.0,High CLV,High Risk
118,0.19,7113.588793103448,No Action,True,7113.588793103448,High CLV,Low Risk
119,0.16,191.29736842105265,No Action,True,191.29736842105265,Low CLV,Low Risk
120,0.54,4.625911330049261,No Action,False,0.0,Low CLV,Medium Risk
121,0.28,166.15138121546963,No Action,True,166.15138121546963,Low CLV,Low Risk
122,0.71,125.91057915057915,No Action,False,0.0,Low CLV,High Risk
123,0.15,89.81157024793389,No Action,False,0.0,Low CLV,Low Risk
124,0.52,630.2587499999998,Promotion,True,580.2587499999998,High CLV,Medium Risk
125,0.69,25.994773869346734,No Action,False,0.0,Low CLV,High Risk
126,0.26,5876.849523809524,No Action,True,5876.849523809524,High CLV,Low Risk
127,0.86,55.21285714285713,Promotion,False,-50.0,Low CLV,High Risk
128,0.75,420.858947368421,No Action,False,0.0,Low CLV,High Risk
129,0.76,206.7043454038997,No Action,True,206.7043454038997,Low CLV,High Risk
130,0.22,5763.951999999999,No Action,True,5763.951999999999,High CLV,Low Risk
131,0.31,1707.492699386503,No Action,True,1707.492699386503,High CLV,Low Risk
132,0.26,1565.4181602373883,No Action,False,0.0,High CLV,Low Risk
133,0.5,150.76224489795916,Promotion,False,-50.0,Low CLV,Medium Risk
134,0.81,383.0078212290503,No Action,False,0.0,Low CLV,High Risk
135,0.95,111.85096153846156,No Action,True,111.85096153846156,Low CLV,High Risk
136,0.23,312.16733108108104,No Action,True,312.16733108108104,Low CLV,Low Risk
137,0.82,13.90007299270073,No Action,False,0.0,Low CLV,High Risk
138,0.42,23.841818181818184,Promotion,True,-26.158181818181816,Low CLV,Medium Risk
139,0.26,1747.2518518518518,No Action,True,1747.2518518518518,High CLV,Low Risk
140,0.84,3180.5619999999994,No Action,False,0.0,High CLV,High Risk
141,0.23,42.34285714285714,No Action,True,42.34285714285714,Low CLV,Low Risk
142,0.47,42.521341991342,No Action,False,0.0,Low CLV,Medium Risk
143,0.68,1280.721645962733,No Action,True,1280.721645962733,High CLV,High Risk
144,0.81,1645.3509900990098,No Action,False,0.0,High CLV,High Risk
145,0.13,16.543307086614174,Promotion,True,-33.45669291338582,Low CLV,Low Risk
146,0.88,81.56779661016948,No Action,False,0.0,Low CLV,High Risk
147,0.8,2727.6000000000004,No Action,False,0.0,High CLV,High Risk
148,0.11,66.69299999999998,No Action,True,66.69299999999998,Low CLV,Low Risk
149,0.67,13.813246753246752,No Action,False,0.0,Low CLV,High Risk
150,0.18,493.1290384615384,No Action,True,493.1290384615384,Low CLV,Low Risk
151,0.07,67650.48,No Action,True,67650.48,High CLV,Low Risk
152,0.44,394.1807692307692,No Action,False,0.0,Low CLV,Medium Risk
153,0.69,1827.422225705329,No Action,False,0.0,High CLV,High Risk
154,0.15,1027.432,No Action,True,1027.432,High CLV,Low Risk
155,0.89,912.2380487804878,No Action,False,0.0,High CLV,High Risk
156,0.95,87.96656387665197,No Action,False,0.0,Low CLV,High Risk
157,0.16,207.63520408163265,No Action,False,0.0,Low CLV,Low Risk
158,0.16,1266.6312,Promotion,True,1216.6312,High CLV,Low Risk
159,0.24,3276.928421052632,No Action,True,3276.928421052632,High CLV,Low Risk
160,0.79,397.8960810810811,No Action,False,0.0,Low CLV,High Risk
161,0.72,357.5227722772278,No Action,False,0.0,Low CLV,High Risk
162,0.6,105.71858407079648,No Action,False,0.0,Low CLV,Medium Risk
163,0.35,116.17756756756758,No Action,True,116.17756756756758,Low CLV,Medium Risk
164,0.78,95.37166163141994,Promotion,False,-50.0,Low CLV,High Risk
165,0.81,52.94761904761904,No Action,False,0.0,Low CLV,High Risk
166,0.67,2231.8074324324325,No Action,False,0.0,High CLV,High Risk
167,0.12,100.25253731343284,No Action,True,100.25253731343284,Low CLV,Low Risk
168,0.87,2491.867716535433,No Action,False,0.0,High CLV,High Risk
169,0.86,62.90303030303031,No Action,False,0.0,Low CLV,High Risk
170,0.85,74.3377659574468,No Action,False,0.0,Low CLV,High Risk
171,0.19,11.90355140186916,No Action,True,11.90355140186916,Low CLV,Low Risk
172,0.88,198.26610878661089,No Action,False,0.0,Low CLV,High Risk
173,0.17,105566.4,No Action,False,0.0,High CLV,Low Risk
174,0.25,502.6330434782608,Promotion,True,452.6330434782608,High CLV,Low Risk
175,0.21,4956.363243243243,Promotion,True,4906.363243243243,High CLV,Low Risk
176,0.83,1888.39104,No Action,False,0.0,High CLV,High Risk
177,0.44,6195.683999999999,No Action,True,6195.683999999999,High CLV,Medium Risk
178,0.57,832.3564705882352,No Action,True,832.3564705882352,High CLV,Medium Risk
179,0.64,948.8776744186048,No Action,False,0.0,High CLV,Medium Risk
180,0.72,302.22248,No Action,False,0.0,Low CLV,High Risk
181,0.78,1075.2678787878788,No Action,False,0.0,High CLV,High Risk
182,0.12,130.48800000000003,Promotion,True,80.48800000000003,Low CLV,Low Risk
183,0.57,576.3248780487804,No Action,False,0.0,High CLV,Medium Risk
184,0.49,1108.3840776699028,No Action,True,1108.3840776699028,High CLV,Medium Risk
185,0.61,131.03311224489795,No Action,False,0.0,Low CLV,Medium Risk
186,0.14,2196.0855172413794,No Action,True,2196.0855172413794,High CLV,Low Risk
187,0.76,141.4868292682927,Promotion,False,-50.0,Low CLV,High Risk
188,0.12,187.777358490566,No Action,True,187.777358490566,Low CLV,Low Risk
189,0.19,1009.560810810811,Promotion,True,959.560810810811,High CLV,Low Risk
190,0.08,2302.355121951219,No Action,False,0.0,High CLV,Low Risk
191,0.91,986.353846153846,Promotion,False,-50.0,High CLV,High Risk
192,0.14,86.04770114942528,No Action,True,86.04770114942528,Low CLV,Low Risk
193,0.11,420.8456790123456,No Action,True,420.8456790123456,Low CLV,Low Risk
194,0.17,692.4975265017666,Promotion,False,-50.0,High CLV,Low Risk
195,0.3,7302.930697674419,No Action,False,0.0,High CLV,Low Risk
196,0.35,150.28509803921568,No Action,True,150.28509803921568,Low CLV,Medium Risk
197,0.47,4166.352786885246,No Action,True,4166.352786885246,High CLV,Medium Risk
198,0.33,3684.880540540541,No Action,True,3684.880540540541,High CLV,Low Risk
199,0.18,387.9234210526316,No Action,True,387.9234210526316,Low CLV,Low Risk
200,0.69,343.84158415841586,No Action,False,0.0,Low CLV,High Risk
201,0.72,1031.03320754717,Promotion,True,981.0332075471699,High CLV,High Risk
202,0.19,853.8806410256409,No Action,True,853.8806410256409,High CLV,Low Risk
203,0.62,690.6415289256198,No Action,False,0.0,High CLV,Medium Risk
204,0.12,1050.4420253164558,Promotion,True,1000.4420253164558,High CLV,Low Risk
205,0.3,17.26706896551724,Promotion,True,-32.73293103448276,Low CLV,Low Risk
206,0.75,2601.0778181818177,No Action,False,0.0,High CLV,High Risk
207,0.1,501.54810810810807,Promotion,True,451.54810810810807,High CLV,Low Risk
208,0.52,72.36568047337278,Promotion,False,-50.0,Low CLV,Medium Risk
209,0.24,19874.061428571425,No Action,True,19874.061428571425,High CLV,Low Risk
210,0.29,1337.930890052356,No Action,True,1337.930890052356,High CLV,Low Risk
211,0.15,1274.5732919254658,No Action,True,1274.5732919254658,High CLV,Low Risk
212,0.22,24.621176470588235,No Action,False,0.0,Low CLV,Low Risk
213,0.21,77.0831654676259,No Action,False,0.0,Low CLV,Low Risk
214,0.18,154.70526315789473,Promotion,True,104.70526315789473,Low CLV,Low Risk
215,0.23,35.93642228739003,No Action,True,35.93642228739003,Low CLV,Low Risk
216,0.03,1112.851485148515,No Action,True,1112.851485148515,High CLV,Low Risk
217,0.19,47.88246268656716,No Action,True,47.88246268656716,Low CLV,Low Risk
218,0.87,788.3047058823531,No Action,False,0.0,High CLV,High Risk
219,0.82,131.51388535031847,Promotion,False,-50.0,Low CLV,High Risk
220,0.15,813.38,No Action,True,813.38,High CLV,Low Risk
221,0.88,11.433854748603352,No Action,False,0.0,Low CLV,High Risk
222,0.7,105.42603448275862,No Action,False,0.0,Low CLV,High Risk
223,0.92,813.3059999999999,No Action,False,0.0,High CLV,High Risk
224,0.8,30.80496453900709,No Action,False,0.0,Low CLV,High Risk
225,0.13,781.3122580645162,No Action,True,781.3122580645162,High CLV,Low Risk
226,0.82,515.5580198019802,No Action,True,515.5580198019802,High CLV,High Risk
227,0.29,406.3048648648649,Promotion,False,-50.0,Low CLV,Low Risk
228,0.41,142.9025,No Action,False,0.0,Low CLV,Medium Risk
229,0.34,11.472923076923076,Promotion,True,-38.527076923076926,Low CLV,Medium Risk
230,0.17,38.40292263610315,Promotion,True,-11.597077363896851,Low CLV,Low Risk
231,0.66,74.47768595041323,No Action,False,0.0,Low CLV,Medium Risk
232,0.09,1650.0910344827587,No Action,True,1650.0910344827587,High CLV,Low Risk
233,0.86,348.9245051194539,No Action,False,0.0,Low CLV,High Risk
234,0.83,4.786244343891402,No Action,False,0.0,Low CLV,High Risk
235,0.26,6163.003636363635,No Action,True,6163.003636363635,High CLV,Low Risk
236,0.83,10.64530612244898,No Action,False,0.0,Low CLV,High Risk
237,0.83,3793.44,No Action,False,0.0,High CLV,High Risk
238,0.43,482.7336585365853,No Action,True,482.7336585365853,Low CLV,Medium Risk
239,0.11,17752.32,No Action,True,17752.32,High CLV,Low Risk
240,0.44,383.9148051948052,No Action,True,383.9148051948052,Low CLV,Medium Risk
241,0.67,7398.943902439024,No Action,True,7398.943902439024,High CLV,High Risk
242,0.77,990.6697674418604,No Action,False,0.0,High CLV,High Risk
243,0.26,3284.9666666666667,No Action,False,0.0,High CLV,Low Risk
244,0.74,60.796323529411765,No Action,False,0.0,Low CLV,High Risk
245,0.8,70.56717171717172,No Action,False,0.0,Low CLV,High Risk
246,0.18,421.6387878787879,No Action,True,421.6387878787879,Low CLV,Low Risk
247,0.81,598.545,No Action,True,598.545,High CLV,High Risk
248,0.29,1000.6087248322148,No Action,True,1000.6087248322148,High CLV,Low Risk
249,0.76,283.30575,No Action,True,283.30575,Low CLV,High Risk
250,0.47,72.53850144092218,No Action,True,72.53850144092218,Low CLV,Medium Risk
251,0.57,587.6166502463054,No Action,False,0.0,High CLV,Medium Risk
252,0.7,100.07336244541484,No Action,False,0.0,Low CLV,High Risk
253,0.1,232.63333333333333,No Action,True,232.63333333333333,Low CLV,Low Risk
254,0.8,70.29463917525773,No Action,False,0.0,Low CLV,High Risk
255,0.95,11218.94,No Action,False,0.0,High CLV,High Risk
256,0.48,33.00237154150198,No Action,False,0.0,Low CLV,Medium Risk
257,0.23,947.971719745223,No Action,True,947.971719745223,High CLV,Low Risk
258,0.92,36.71064356435643,No Action,False,0.0,Low CLV,High Risk
259,0.9,224.4534293948127,No Action,False,0.0,Low CLV,High Risk
260,0.78,32.38136363636364,No Action,True,32.38136363636364,Low CLV,High Risk
261,0.27,105.36949152542373,Promotion,True,55.369491525423726,Low CLV,Low Risk
262,0.78,278.79101123595507,No Action,False,0.0,Low CLV,High Risk
263,0.83,843.9421052631578,No Action,False,0.0,High CLV,High Risk
264,0.23,479.0592,No Action,True,479.0592,Low CLV,Low Risk
265,0.78,740.4355504587156,No Action,True,740.4355504587156,High CLV,High Risk
266,0.61,1569.5078399999998,Promotion,False,-50.0,High CLV,Medium Risk
267,0.77,1466.7726451612905,Promotion,False,-50.0,High CLV,High Risk
268,0.84,672.1500000000001,No Action,False,0.0,High CLV,High Risk
269,0.37,2773.44,No Action,False,0.0,High CLV,Medium Risk
270,0.2,254.24,No Action,True,254.24,Low CLV,Low Risk
271,0.62,7262.064642857144,No Action,True,7262.064642857144,High CLV,Medium Risk
272,0.74,1398.8885496183204,No Action,False,0.0,High CLV,High Risk
273,0.41,84.71974921630093,No Action,True,84.71974921630093,Low CLV,Medium Risk
274,0.87,242.4642857142857,No Action,False,0.0,Low CLV,High Risk
275,0.05,16321.89,No Action,False,0.0,High CLV,Low Risk
276,0.22,52.56271698113208,No Action,False,0.0,Low CLV,Low Risk
277,0.29,28.83066666666667,No Action,False,0.0,Low CLV,Low Risk
278,0.89,3385.185263157895,No Action,False,0.0,High CLV,High Risk
279,0.22,164.23665594855305,No Action,True,164.23665594855305,Low CLV,Low Risk
280,0.78,398.1186885245901,Promotion,False,-50.0,Low CLV,High Risk
281,0.73,650.8374203821655,No Action,False,0.0,High CLV,High Risk
282,0.88,277.02818181818185,No Action,False,0.0,Low CLV,High Risk
283,0.16,300.87507692307696,No Action,True,300.87507692307696,Low CLV,Low Risk
284,0.8,3758.442096774194,No Action,False,0.0,High CLV,High Risk
285,0.71,22824.672,No Action,False,0.0,High CLV,High Risk
286,0.84,86.57671532846716,No Action,False,0.0,Low CLV,High Risk
287,0.94,743.7575757575758,No Action,False,0.0,High CLV,High Risk
288,0.11,184.11815331010453,No Action,True,184.11815331010453,Low CLV,Low Risk
289,0.2,1001.5907514450868,No Action,True,1001.5907514450868,High CLV,Low Risk
290,0.1,74.66384364820847,No Action,False,0.0,Low CLV,Low Risk
291,0.43,1644.8079545454548,No Action,True,1644.8079545454548,High CLV,Medium Risk
292,0.83,56.46913580246913,No Action,False,0.0,Low CLV,High Risk
293,0.75,4203.4828125,No Action,True,4203.4828125,High CLV,High Risk
294,0.19,27.64393063583815,No Action,False,0.0,Low CLV,Low Risk
295,0.74,5433.36554347826,No Action,False,0.0,High CLV,High Risk
296,0.17,22193.47375,No Action,True,22193.47375,High CLV,Low Risk
297,0.54,1994.7816,No Action,False,0.0,High CLV,Medium Risk
298,0.82,2868.192868217054,No Action,False,0.0,High CLV,High Risk
299,0.78,1073.4842541436462,No Action,True,1073.4842541436462,High CLV,High Risk
300,0.7,136.95775280898877,No Action,False,0.0,Low CLV,High Risk
301,0.36,502.1257878787879,No Action,True,502.1257878787879,High CLV,Medium Risk
302,0.67,53.212363636363634,Promotion,True,3.2123636363636336,Low CLV,High Risk
303,0.23,113.32707692307692,No Action,False,0.0,Low CLV,Low Risk
304,0.15,741.972,No Action,True,741.972,High CLV,Low Risk
305,0.27,2856.3909523809525,No Action,True,2856.3909523809525,High CLV,Low Risk
306,0.57,3234.620186915888,No Action,True,3234.620186915888,High CLV,Medium Risk
307,0.55,3255.168,No Action,False,0.0,High CLV,Medium Risk
308,0.81,638.0841558441558,No Action,False,0.0,High CLV,High Risk
309,0.18,158.61274611398966,No Action,True,158.61274611398966,Low CLV,Low Risk
310,0.75,359.7776,No Action,False,0.0,Low CLV,High Risk
311,0.67,2516.808208955224,No Action,False,0.0,High CLV,High Risk
312,0.71,1898.6971428571428,No Action,False,0.0,High CLV,High Risk
313,0.25,485.48,No Action,False,0.0,Low CLV,Low Risk
314,0.97,5643.186666666667,No Action,False,0.0,High CLV,High Risk
315,0.19,27413.18181818182,Promotion,False,-50.0,High CLV,Low Risk
316,0.77,4694.571428571428,Promotion,False,-50.0,High CLV,High Risk
317,0.22,50715.45142857143,No Action,True,50715.45142857143,High CLV,Low Risk
318,0.86,5075.880275229358,No Action,False,0.0,High CLV,High Risk
319,0.63,478.275,No Action,False,0.0,Low CLV,Medium Risk
320,0.86,156.78837209302327,No Action,False,0.0,Low CLV,High Risk
321,0.42,78.1396551724138,No Action,True,78.1396551724138,Low CLV,Medium Risk
322,0.93,1073.678571428571,No Action,False,0.0,High CLV,High Risk
323,0.49,2002.3337142857144,No Action,True,2002.3337142857144,High CLV,Medium Risk
324,0.72,43.10480620155039,No Action,False,0.0,Low CLV,High Risk
325,0.73,339.2702912621359,Promotion,False,-50.0,Low CLV,High Risk
326,0.39,531.1595930232559,No Action,True,531.1595930232559,High CLV,Medium Risk
327,0.59,6554.0495238095245,No Action,True,6554.0495238095245,High CLV,Medium Risk
328,0.17,57.76378917378919,No Action,True,57.76378917378919,Low CLV,Low Risk
329,0.77,1136.7139047619048,No Action,False,0.0,High CLV,High Risk
330,0.75,769.1707692307693,No Action,False,0.0,High CLV,High Risk
331,0.34,15.093793103448276,No Action,False,0.0,Low CLV,Medium Risk
332,0.21,4393.0560000000005,No Action,True,4393.0560000000005,High CLV,Low Risk
333,0.32,144.67802281368822,No Action,True,144.67802281368822,Low CLV,Low Risk
334,0.72,121.43232323232324,No Action,True,121.43232323232324,Low CLV,High Risk
335,0.3,14103.0,No Action,True,14103.0,High CLV,Low Risk
336,0.72,2398.33893129771,No Action,False,0.0,High CLV,High Risk
337,0.8,46.41121495327103,No Action,False,0.0,Low CLV,High Risk
338,0.82,295.7997448979592,No Action,True,295.7997448979592,Low CLV,High Risk
339,0.29,770.5837944664032,No Action,False,0.0,High CLV,Low Risk
340,0.67,79.55619047619047,No Action,True,79.55619047619047,Low CLV,High Risk
341,0.39,4400.103953488373,No Action,True,4400.103953488373,High CLV,Medium Risk
342,0.82,1620.6838709677418,No Action,False,0.0,High CLV,High Risk
343,0.26,1351.27872,No Action,True,1351.27872,High CLV,Low Risk
344,0.75,212.59670658682637,No Action,False,0.0,Low CLV,High Risk
345,0.84,25944.03,No Action,False,0.0,High CLV,High Risk
346,0.27,352.4575903614458,No Action,False,0.0,Low CLV,Low Risk
347,0.23,127.38137426900586,No Action,True,127.38137426900586,Low CLV,Low Risk
348,0.78,1129.9375862068966,No Action,False,0.0,High CLV,High Risk
349,0.83,392.6964705882353,No Action,True,392.6964705882353,Low CLV,High Risk
350,0.32,438.8570212765957,No Action,True,438.8570212765957,Low CLV,Low Risk
351,0.95,1352.6091428571428,No Action,False,0.0,High CLV,High Risk
352,0.12,220.95349253731345,No Action,True,220.95349253731345,Low CLV,Low Risk
353,0.3,2993.4756097560976,No Action,True,2993.4756097560976,High CLV,Low Risk
354,0.02,2131.8901123595506,No Action,True,2131.8901123595506,High CLV,Low Risk
355,0.63,146.69915492957745,No Action,False,0.0,Low CLV,Medium Risk
356,0.65,2771.91,No Action,False,0.0,High CLV,Medium Risk
357,0.27,32.401503759398494,No Action,True,32.401503759398494,Low CLV,Low Risk
358,0.29,1149.4370247933884,No Action,True,1149.4370247933884,High CLV,Low Risk
359,0.49,967.432258064516,No Action,True,967.432258064516,High CLV,Medium Risk
360,0.47,2389.569677419355,No Action,False,0.0,High CLV,Medium Risk
361,0.81,346.0153846153846,No Action,False,0.0,Low CLV,High Risk
362,0.69,15.973215859030836,No Action,False,0.0,Low CLV,High Risk
363,0.1,39.01420118343195,No Action,True,39.01420118343195,Low CLV,Low Risk
364,0.83,308.81917241379307,No Action,True,308.81917241379307,Low CLV,High Risk
365,0.17,1577.5542857142857,No Action,False,0.0,High CLV,Low Risk
366,0.83,34.10580645161291,No Action,True,34.10580645161291,Low CLV,High Risk
367,0.21,61.38720000000001,No Action,True,61.38720000000001,Low CLV,Low Risk
368,0.23,2385.538048780488,No Action,True,2385.538048780488,High CLV,Low Risk
369,0.32,4271.508,No Action,False,0.0,High CLV,Low Risk
370,0.24,279.1794900849858,No Action,False,0.0,Low CLV,Low Risk
371,0.48,355.0922033898305,No Action,True,355.0922033898305,Low CLV,Medium Risk
372,0.73,1433.688,No Action,False,0.0,High CLV,High Risk
373,0.14,65.34798866855525,No Action,True,65.34798866855525,Low CLV,Low Risk
374,0.87,653.1665624999999,No Action,False,0.0,High CLV,High Risk
375,0.19,277.6287058823529,No Action,True,277.6287058823529,Low CLV,Low Risk
376,0.17,660.0812260536397,No Action,True,660.0812260536397,High CLV,Low Risk
377,0.42,697.3143968871595,No Action,True,697.3143968871595,High CLV,Medium Risk
378,0.89,136.40296296296296,No Action,False,0.0,Low CLV,High Risk
379,0.38,583.0719587628867,No Action,True,583.0719587628867,High CLV,Medium Risk
380,0.45,705.7674556213017,No Action,True,705.7674556213017,High CLV,Medium Risk
381,0.92,271.992,No Action,False,0.0,Low CLV,High Risk
382,0.61,99.00983606557377,No Action,False,0.0,Low CLV,Medium Risk
383,0.8,445.2295890410959,No Action,False,0.0,Low CLV,High Risk
384,0.93,467.9234042553192,No Action,False,0.0,Low CLV,High Risk
385,0.89,3706.945357142856,No Action,False,0.0,High CLV,High Risk
386,0.9,841.5689189189189,No Action,False,0.0,High CLV,High Risk
387,0.79,8.699065934065933,No Action,False,0.0,Low CLV,High Risk
388,0.55,113.5843373493976,No Action,False,0.0,Low CLV,Medium Risk
389,0.85,760.0178021978022,No Action,False,0.0,High CLV,High Risk
390,0.87,454.4309433962264,No Action,True,454.4309433962264,Low CLV,High Risk
391,0.1,1840.3720000000003,No Action,True,1840.3720000000003,High CLV,Low Risk
392,0.17,628.558,No Action,True,628.558,High CLV,Low Risk
393,0.21,868.8027745664741,No Action,True,868.8027745664741,High CLV,Low Risk
394,0.73,215.05,No Action,False,0.0,Low CLV,High Risk
395,0.87,463.0785365853659,No Action,False,0.0,Low CLV,High Risk
396,0.81,288.0781163434903,No Action,True,288.0781163434903,Low CLV,High Risk
397,0.72,9112.732758620688,No Action,False,0.0,High CLV,High Risk
398,0.94,618.8134831460674,No Action,False,0.0,High CLV,High Risk
399,0.24,37.609022556390975,Promotion,True,-12.390977443609025,Low CLV,Low Risk
400,0.21,739.5436363636363,No Action,True,739.5436363636363,High CLV,Low Risk
401,0.76,29.785283687943263,No Action,False,0.0,Low CLV,High Risk
402,0.57,3777.7212,No Action,True,3777.7212,High CLV,Medium Risk
403,0.79,1089.3854545454546,No Action,False,0.0,High CLV,High Risk
404,0.12,663.4252507374631,No Action,True,663.4252507374631,High CLV,Low Risk
405,0.07,37.41872909698997,No Action,True,37.41872909698997,Low CLV,Low Risk
406,0.88,6519.925,No Action,False,0.0,High CLV,High Risk
407,0.07,5053.86,No Action,True,5053.86,High CLV,Low Risk
408,0.86,211.155,No Action,False,0.0,Low CLV,High Risk
409,0.08,30915.28,No Action,True,30915.28,High CLV,Low Risk
410,0.7,614.7416312056738,No Action,True,614.7416312056738,High CLV,High Risk
411,0.88,318.80930232558137,No Action,False,0.0,Low CLV,High Risk
412,0.19,2669.4128571428573,No Action,True,2669.4128571428573,High CLV,Low Risk
413,0.94,1172.0844444444444,No Action,False,0.0,High CLV,High Risk
414,0.78,284.93882352941176,No Action,False,0.0,Low CLV,High Risk
415,0.83,223.29396825396825,No Action,True,223.29396825396825,Low CLV,High Risk
416,0.78,6920.673157894736,No Action,False,0.0,High CLV,High Risk
417,0.24,1472.7572881355932,No Action,True,1472.7572881355932,High CLV,Low Risk
418,0.83,1313.9971282051283,No Action,True,1313.9971282051283,High CLV,High Risk
419,0.28,571.8415023474179,No Action,True,571.8415023474179,High CLV,Low Risk
420,0.51,2975.142857142857,Promotion,True,2925.142857142857,High CLV,Medium Risk
421,0.09,79.02361774744027,No Action,True,79.02361774744027,Low CLV,Low Risk
422,0.37,79.57011673151752,No Action,False,0.0,Low CLV,Medium Risk
423,0.23,905.4555066079296,No Action,True,905.4555066079296,High CLV,Low Risk
424,0.83,546.2978635014837,No Action,False,0.0,High CLV,High Risk
425,0.38,119.38388405797102,No Action,True,119.38388405797102,Low CLV,Medium Risk
426,0.85,2116.137837837838,No Action,False,0.0,High CLV,High Risk
427,0.82,38.07,No Action,False,0.0,Low CLV,High Risk
428,0.13,629.0038596491228,No Action,True,629.0038596491228,High CLV,Low Risk
429,0.23,3915.424137931034,No Action,True,3915.424137931034,High CLV,Low Risk
430,0.74,181.91875862068963,No Action,False,0.0,Low CLV,High Risk
431,0.15,1805.752,No Action,True,1805.752,High CLV,Low Risk
432,0.94,582.4714285714285,No Action,False,0.0,High CLV,High Risk
433,0.71,20431.869230769236,No Action,False,0.0,High CLV,High Risk
434,0.09,33.49250965250965,No Action,True,33.49250965250965,Low CLV,Low Risk
435,0.59,1396.913023255814,No Action,True,1396.913023255814,High CLV,Medium Risk
436,0.79,459.1872,No Action,False,0.0,Low CLV,High Risk
437,0.27,1565.08,No Action,True,1565.08,High CLV,Low Risk
438,0.59,838.6262499999999,No Action,False,0.0,High CLV,Medium Risk
439,0.95,4.926626506024097,No Action,False,0.0,Low CLV,High Risk
440,0.53,189.52177914110428,No Action,False,0.0,Low CLV,Medium Risk
441,0.86,61.140625,No Action,False,0.0,Low CLV,High Risk
442,0.72,12.637857142857142,No Action,False,0.0,Low CLV,High Risk
443,0.62,216.5728571428572,No Action,False,0.0,Low CLV,Medium Risk
444,0.71,205.54901694915256,No Action,False,0.0,Low CLV,High Risk
445,0.51,1425.8002139037433,No Action,True,1425.8002139037433,High CLV,Medium Risk
446,0.88,56.82594249201278,No Action,False,0.0,Low CLV,High Risk
447,0.94,890.998125,No Action,False,0.0,High CLV,High Risk
448,0.74,534.8795454545455,No Action,False,0.0,High CLV,High Risk
449,0.91,1066.3724324324323,No Action,False,0.0,High CLV,High Risk
450,0.8,3000.678095238095,Promotion,False,-50.0,High CLV,High Risk
451,0.76,341.4001986754967,No Action,False,0.0,Low CLV,High Risk
452,0.21,182.622389380531,No Action,True,182.622389380531,Low CLV,Low Risk
453,0.89,27.260855263157893,No Action,True,27.260855263157893,Low CLV,High Risk
454,0.97,19.71686274509804,No Action,False,0.0,Low CLV,High Risk
455,0.07,66.6431746031746,No Action,True,66.6431746031746,Low CLV,Low Risk
456,0.24,1042.4645197740113,No Action,True,1042.4645197740113,High CLV,Low Risk
457,0.2,395.967,No Action,True,395.967,Low CLV,Low Risk
458,0.86,121.05941422594142,No Action,True,121.05941422594142,Low CLV,High Risk
459,0.9,332.52579881656806,No Action,False,0.0,Low CLV,High Risk
460,0.31,242.8330372492837,No Action,True,242.8330372492837,Low CLV,Low Risk
461,0.87,483.8516129032258,Promotion,False,-50.0,Low CLV,High Risk
462,0.32,48.18932038834952,No Action,False,0.0,Low CLV,Low Risk
463,0.16,83.64883116883118,No Action,True,83.64883116883118,Low CLV,Low Risk
464,0.21,4023.084,No Action,True,4023.084,High CLV,Low Risk
465,0.47,39340.21928571429,No Action,True,39340.21928571429,High CLV,Medium Risk
466,0.62,117.8330593607306,No Action,True,117.8330593607306,Low CLV,Medium Risk
467,0.88,99.58117647058825,No Action,False,0.0,Low CLV,High Risk
468,0.18,2358.1810650887574,Promotion,True,2308.1810650887574,High CLV,Low Risk
469,0.77,17.097027027027025,No Action,False,0.0,Low CLV,High Risk
470,0.45,49.57140495867769,No Action,False,0.0,Low CLV,Medium Risk
471,0.21,186.76,No Action,False,0.0,Low CLV,Low Risk
472,0.18,34.92796680497925,No Action,False,0.0,Low CLV,Low Risk
473,0.83,26.318867924528305,No Action,False,0.0,Low CLV,High Risk
474,0.96,155.84528925619836,No Action,False,0.0,Low CLV,High Risk
475,0.7,186.06772277227725,No Action,False,0.0,Low CLV,High Risk
476,0.19,30.02935779816514,No Action,False,0.0,Low CLV,Low Risk
477,0.68,21.762200956937804,No Action,True,21.762200956937804,Low CLV,High Risk
478,0.63,866.1053164556962,No Action,True,866.1053164556962,High CLV,Medium Risk
479,0.12,2410.369230769231,Promotion,False,-50.0,High CLV,Low Risk
480,0.95,843.4079452054795,No Action,True,843.4079452054795,High CLV,High Risk
481,0.68,131.8371681415929,Promotion,False,-50.0,Low CLV,High Risk
482,0.72,10937.16,No Action,True,10937.16,High CLV,High Risk
483,0.82,2578.543723404256,No Action,False,0.0,High CLV,High Risk
484,0.9,170.82080495356035,No Action,False,0.0,Low CLV,High Risk
485,0.22,791.4288607594937,No Action,True,791.4288607594937,High CLV,Low Risk
486,0.12,2470.6800000000003,No Action,True,2470.6800000000003,High CLV,Low Risk
487,0.1,59.54790697674419,No Action,True,59.54790697674419,Low CLV,Low Risk
488,0.52,236.5096595744681,No Action,True,236.5096595744681,Low CLV,Medium Risk
489,0.13,2191.9214285714284,No Action,False,0.0,High CLV,Low Risk
490,0.07,2021.3627586206896,No Action,False,0.0,High CLV,Low Risk
491,0.11,269.5418181818182,No Action,True,269.5418181818182,Low CLV,Low Risk
492,0.8,30.98557184750733,No Action,False,0.0,Low CLV,High Risk
493,0.2,845.6709677419356,No Action,True,845.6709677419356,High CLV,Low Risk
494,0.4,60.05338983050847,No Action,True,60.05338983050847,Low CLV,Medium Risk
495,0.96,70.55099999999999,No Action,False,0.0,Low CLV,High Risk
496,0.86,133.52862258953166,No Action,False,0.0,Low CLV,High Risk
497,0.08,1141.7577981651375,No Action,True,1141.7577981651375,High CLV,Low Risk
498,0.25,208.49645569620253,No Action,True,208.49645569620253,Low CLV,Low Risk
499,0.74,556.24,No Action,True,556.24,High CLV,High Risk
500,0.33,1046.8125,No Action,True,1046.8125,High CLV,Low Risk
501,0.59,1193.7198795180725,No Action,True,1193.7198795180725,High CLV,Medium Risk
502,0.9,338.55311827956984,No Action,False,0.0,Low CLV,High Risk
503,0.61,3481.0513043478263,No Action,False,0.0,High CLV,Medium Risk
504,0.85,1935.688695652174,No Action,False,0.0,High CLV,High Risk
505,0.2,211.5754385964912,No Action,True,211.5754385964912,Low CLV,Low Risk
506,0.08,1021.4141408450704,No Action,True,1021.4141408450704,High CLV,Low Risk
507,0.07,729.585,No Action,True,729.585,High CLV,Low Risk
508,0.12,1015.8868503937008,No Action,True,1015.8868503937008,High CLV,Low Risk
509,0.68,542.8433121019108,No Action,True,542.8433121019108,High CLV,High Risk
510,0.72,367.2705882352941,No Action,True,367.2705882352941,Low CLV,High Risk
511,0.72,1569.556977491961,No Action,False,0.0,High CLV,High Risk
512,0.38,604.2906024096385,No Action,False,0.0,High CLV,Medium Risk
513,0.31,1944.6442953020132,No Action,False,0.0,High CLV,Low Risk
514,0.88,244.06909090909087,No Action,False,0.0,Low CLV,High Risk
515,0.83,2029.4063157894732,No Action,False,0.0,High CLV,High Risk
516,0.85,112.06759312320916,No Action,False,0.0,Low CLV,High Risk
517,0.23,112.2003409090909,No Action,True,112.2003409090909,Low CLV,Low Risk
518,0.17,1184.6742857142856,No Action,True,1184.6742857142856,High CLV,Low Risk
519,0.74,152.1767441860465,No Action,False,0.0,Low CLV,High Risk
520,0.89,960.4370338983052,No Action,False,0.0,High CLV,High Risk
521,0.82,54.34525139664805,No Action,False,0.0,Low CLV,High Risk
522,0.88,485.2209502262443,No Action,False,0.0,Low CLV,High Risk
523,0.88,2270.857322834646,No Action,False,0.0,High CLV,High Risk
524,0.82,1804.6655696202529,No Action,False,0.0,High CLV,High Risk
525,0.77,1181.4956521739132,No Action,False,0.0,High CLV,High Risk
526,0.75,1846.8,No Action,True,1846.8,High CLV,High Risk
527,0.23,9.976470588235294,No Action,True,9.976470588235294,Low CLV,Low Risk
528,0.5,396.6150442477875,No Action,False,0.0,Low CLV,Medium Risk
529,0.53,229.81263157894733,No Action,True,229.81263157894733,Low CLV,Medium Risk
530,0.56,1316.6962275449102,No Action,False,0.0,High CLV,Medium Risk
531,0.24,5910.407999999999,No Action,True,5910.407999999999,High CLV,Low Risk
532,0.4,768.8318750000001,No Action,False,0.0,High CLV,Medium Risk
533,0.15,153.32625,No Action,True,153.32625,Low CLV,Low Risk
534,0.49,850.6645714285714,No Action,False,0.0,High CLV,Medium Risk
535,0.77,399.91,No Action,False,0.0,Low CLV,High Risk
536,0.41,526.0830188679246,No Action,True,526.0830188679246,High CLV,Medium Risk
537,0.53,2490.027586206897,No Action,False,0.0,High CLV,Medium Risk
538,0.57,1821.683262711864,No Action,True,1821.683262711864,High CLV,Medium Risk
539,0.16,1947.912258064516,No Action,True,1947.912258064516,High CLV,Low Risk
540,0.82,4351.456944444444,No Action,False,0.0,High CLV,High Risk
541,0.37,1003.6324404761904,No Action,False,0.0,High CLV,Medium Risk
542,0.53,21.421052631578945,No Action,False,0.0,Low CLV,Medium Risk
543,0.88,4832.648035714286,No Action,False,0.0,High CLV,High Risk
544,0.09,65.54384105960266,No Action,True,65.54384105960266,Low CLV,Low Risk
545,0.29,250.77312925170068,No Action,True,250.77312925170068,Low CLV,Low Risk
546,0.82,35427.13636363637,No Action,False,0.0,High CLV,High Risk
547,0.45,324.24820312500003,No Action,True,324.24820312500003,Low CLV,Medium Risk
548,0.46,38.94017291066282,No Action,False,0.0,Low CLV,Medium Risk
549,0.1,7243.555555555556,No Action,True,7243.555555555556,High CLV,Low Risk
550,0.68,1009.3519148936168,No Action,True,1009.3519148936168,High CLV,High Risk
551,0.71,784.2477777777777,No Action,False,0.0,High CLV,High Risk
552,0.4,318.19055214723926,No Action,True,318.19055214723926,Low CLV,Medium Risk
553,0.97,2.59323782234957,No Action,False,0.0,Low CLV,High Risk
554,0.07,47.671377245508985,No Action,False,0.0,Low CLV,Low Risk
555,0.31,124.376484375,No Action,True,124.376484375,Low CLV,Low Risk
556,0.27,575.7305540166204,No Action,False,0.0,High CLV,Low Risk
557,0.26,1034.6568067226892,No Action,True,1034.6568067226892,High CLV,Low Risk
558,0.89,316.1796296296296,No Action,False,0.0,Low CLV,High Risk
559,0.64,4190.507132867133,No Action,False,0.0,High CLV,Medium Risk
560,0.11,833.2479113924051,No Action,True,833.2479113924051,High CLV,Low Risk
561,0.83,1532.3130434782609,No Action,False,0.0,High CLV,High Risk
562,0.2,561.2161538461538,No Action,True,561.2161538461538,High CLV,Low Risk
563,0.44,1051.216551724138,No Action,False,0.0,High CLV,Medium Risk
564,0.34,1606.6970297029704,No Action,True,1606.6970297029704,High CLV,Medium Risk
565,0.88,1208.084507042253,No Action,False,0.0,High CLV,High Risk
566,0.64,50.873225806451615,No Action,False,0.0,Low CLV,Medium Risk
567,0.82,908.505,No Action,False,0.0,High CLV,High Risk
568,0.23,5247.00288,No Action,True,5247.00288,High CLV,Low Risk
569,0.81,188.5996875,No Action,False,0.0,Low CLV,High Risk
570,0.13,183.2072727272727,No Action,True,183.2072727272727,Low CLV,Low Risk
571,0.88,978.5162790697672,No Action,False,0.0,High CLV,High Risk
572,0.79,3007.363636363636,No Action,False,0.0,High CLV,High Risk
573,0.31,367.4623481781376,No Action,True,367.4623481781376,Low CLV,Low Risk
574,0.12,1760.7763157894735,No Action,True,1760.7763157894735,High CLV,Low Risk
575,0.3,1200.5502857142856,No Action,True,1200.5502857142856,High CLV,Low Risk
576,0.76,1373.624183006536,No Action,False,0.0,High CLV,High Risk
577,0.48,121.37300309597522,No Action,True,121.37300309597522,Low CLV,Medium Risk
578,0.15,33.5218320610687,No Action,False,0.0,Low CLV,Low Risk
579,0.19,81.09416666666667,No Action,True,81.09416666666667,Low CLV,Low Risk
580,0.88,4806.293333333333,No Action,False,0.0,High CLV,High Risk
581,0.81,96.45244299674268,No Action,False,0.0,Low CLV,High Risk
582,0.85,241.9158671586716,No Action,False,0.0,Low CLV,High Risk
583,0.78,94.9455319148936,No Action,False,0.0,Low CLV,High Risk
584,0.55,6.2488125000000005,No Action,True,6.2488125000000005,Low CLV,Medium Risk
585,0.27,1291.469798657718,No Action,True,1291.469798657718,High CLV,Low Risk
586,0.96,1146.4845714285716,No Action,False,0.0,High CLV,High Risk
587,0.87,21.395450980392155,No Action,False,0.0,Low CLV,High Risk
588,0.09,3868.6153846153848,No Action,True,3868.6153846153848,High CLV,Low Risk
589,0.85,6255.6,No Action,False,0.0,High CLV,High Risk
590,0.13,82.10878923766816,No Action,True,82.10878923766816,Low CLV,Low Risk
591,0.83,128.20996845425867,No Action,False,0.0,Low CLV,High Risk
592,0.85,2725.198846153846,No Action,True,2725.198846153846,High CLV,High Risk
593,0.85,219.2852173913044,No Action,False,0.0,Low CLV,High Risk
594,0.1,1211.4222325581395,No Action,True,1211.4222325581395,High CLV,Low Risk
595,0.14,1856.138108108108,No Action,False,0.0,High CLV,Low Risk
596,0.35,716.4303061224489,No Action,False,0.0,High CLV,Medium Risk
597,0.37,242.08375451263535,No Action,True,242.08375451263535,Low CLV,Medium Risk
598,0.11,1997.3545816733067,No Action,True,1997.3545816733067,High CLV,Low Risk
599,0.21,402.2985245901639,No Action,True,402.2985245901639,Low CLV,Low Risk
600,0.82,3280.208101265823,No Action,False,0.0,High CLV,High Risk
601,0.13,959.7684563758388,No Action,True,959.7684563758388,High CLV,Low Risk
602,0.81,1975.878666666667,No Action,False,0.0,High CLV,High Risk
603,0.37,1007.5011353711792,Promotion,False,-50.0,High CLV,Medium Risk
604,0.88,444.3246929824562,No Action,False,0.0,Low CLV,High Risk
605,0.87,222.9838596491228,No Action,True,222.9838596491228,Low CLV,High Risk
606,0.8,6249.173333333333,No Action,False,0.0,High CLV,High Risk
607,0.24,546.742857142857,No Action,False,0.0,High CLV,Low Risk
608,0.92,689.3918181818183,No Action,False,0.0,High CLV,High Risk
609,0.53,325.74818652849746,No Action,False,0.0,Low CLV,Medium Risk
610,0.7,383.9471830985915,No Action,False,0.0,Low CLV,High Risk
611,0.29,23963.20333333333,No Action,False,0.0,High CLV,Low Risk
612,0.28,247.9420952380952,No Action,True,247.9420952380952,Low CLV,Low Risk
613,0.89,915.4383333333334,No Action,False,0.0,High CLV,High Risk
614,0.21,2539.014975845411,No Action,True,2539.014975845411,High CLV,Low Risk
615,0.91,217.8123111111111,No Action,False,0.0,Low CLV,High Risk
616,0.19,291.1362645914397,No Action,True,291.1362645914397,Low CLV,Low Risk
617,0.46,240.8894117647059,No Action,True,240.8894117647059,Low CLV,Medium Risk
618,0.15,38.83636363636364,No Action,True,38.83636363636364,Low CLV,Low Risk
619,0.21,1591.296,No Action,True,1591.296,High CLV,Low Risk
620,0.3,129.255,No Action,True,129.255,Low CLV,Low Risk
621,0.08,510.85138461538463,No Action,True,510.85138461538463,High CLV,Low Risk
622,0.8,108.1372881355932,No Action,True,108.1372881355932,Low CLV,High Risk
623,0.16,143.23536585365852,No Action,True,143.23536585365852,Low CLV,Low Risk
624,0.82,304.33810888252145,No Action,False,0.0,Low CLV,High Risk
625,0.57,124.09042253521126,No Action,False,0.0,Low CLV,Medium Risk
626,0.1,151.1415909090909,No Action,True,151.1415909090909,Low CLV,Low Risk
627,0.81,5065.028571428571,No Action,False,0.0,High CLV,High Risk
628,0.7,2329.665734265734,No Action,False,0.0,High CLV,High Risk
629,0.36,987.3084474885844,No Action,False,0.0,High CLV,Medium Risk
630,0.78,325.40952380952376,No Action,True,325.40952380952376,Low CLV,High Risk
631,0.15,1803.051655629139,No Action,True,1803.051655629139,High CLV,Low Risk
632,0.78,297.8136936936937,No Action,False,0.0,Low CLV,High Risk
633,0.74,30.216410256410253,No Action,False,0.0,Low CLV,High Risk
634,0.15,658.1991701244815,No Action,True,658.1991701244815,High CLV,Low Risk
635,0.11,1054.59384375,No Action,True,1054.59384375,High CLV,Low Risk
636,0.37,339.30827586206897,No Action,False,0.0,Low CLV,Medium Risk
637,0.4,272.3194117647059,No Action,True,272.3194117647059,Low CLV,Medium Risk
638,0.11,4794.688888888889,No Action,True,4794.688888888889,High CLV,Low Risk
639,0.44,151.8455172413793,No Action,True,151.8455172413793,Low CLV,Medium Risk
640,0.81,106.01586666666668,No Action,False,0.0,Low CLV,High Risk
641,0.71,710.7942857142857,No Action,False,0.0,High CLV,High Risk
642,0.1,1571.5377358490568,No Action,True,1571.5377358490568,High CLV,Low Risk
643,0.13,230.19226744186048,No Action,True,230.19226744186048,Low CLV,Low Risk
644,0.81,1263.7865625000002,No Action,False,0.0,High CLV,High Risk
645,0.74,173.6043243243243,No Action,False,0.0,Low CLV,High Risk
646,0.93,2295.773809523809,No Action,False,0.0,High CLV,High Risk
647,0.79,647.1532558139535,No Action,False,0.0,High CLV,High Risk
648,0.8,919.200490797546,No Action,False,0.0,High CLV,High Risk
649,0.79,364.4776296296296,No Action,False,0.0,Low CLV,High Risk
650,0.92,179.84844574780058,No Action,False,0.0,Low CLV,High Risk
651,0.85,7596.279649122807,No Action,True,7596.279649122807,High CLV,High Risk
652,0.23,238.334693877551,No Action,True,238.334693877551,Low CLV,Low Risk
653,0.22,2009.7476470588235,No Action,True,2009.7476470588235,High CLV,Low Risk
654,0.82,1288.4360147601478,No Action,False,0.0,High CLV,High Risk
655,0.85,55.66478873239438,No Action,False,0.0,Low CLV,High Risk
656,0.24,163.72624113475177,No Action,False,0.0,Low CLV,Low Risk
657,0.17,3703.928113207547,No Action,True,3703.928113207547,High CLV,Low Risk
658,0.59,4083.332957746479,No Action,False,0.0,High CLV,Medium Risk
659,0.18,1101.929411764706,No Action,True,1101.929411764706,High CLV,Low Risk
660,0.33,1818.7534883720928,No Action,True,1818.7534883720928,High CLV,Low Risk
661,0.63,386.28447204968944,No Action,False,0.0,Low CLV,Medium Risk
662,0.82,853.1180722891567,No Action,True,853.1180722891567,High CLV,High Risk
663,0.13,85.99522388059701,No Action,True,85.99522388059701,Low CLV,Low Risk
664,0.19,182.57945762711867,No Action,True,182.57945762711867,Low CLV,Low Risk
665,0.52,21.8448275862069,No Action,True,21.8448275862069,Low CLV,Medium Risk
666,0.77,762.3323076923077,No Action,False,0.0,High CLV,High Risk
667,0.42,54.174887892376674,No Action,True,54.174887892376674,Low CLV,Medium Risk
668,0.42,32.745506756756754,No Action,True,32.745506756756754,Low CLV,Medium Risk
669,0.33,82576.0,No Action,True,82576.0,High CLV,Low Risk
670,0.52,397.7728395061728,No Action,True,397.7728395061728,Low CLV,Medium Risk
671,0.26,207.78977900552485,No Action,True,207.78977900552485,Low CLV,Low Risk
672,0.52,239.71612903225807,No Action,False,0.0,Low CLV,Medium Risk
673,0.59,407.3163636363637,No Action,False,0.0,Low CLV,Medium Risk
674,0.92,845.2718490566037,No Action,False,0.0,High CLV,High Risk
675,0.28,3425.181030927835,No Action,True,3425.181030927835,High CLV,Low Risk
676,0.77,2981.3678350515465,No Action,False,0.0,High CLV,High Risk
677,0.82,229.53604395604395,No Action,True,229.53604395604395,Low CLV,High Risk
678,0.14,382.1171428571429,No Action,True,382.1171428571429,Low CLV,Low Risk
679,0.25,67.32272727272728,No Action,True,67.32272727272728,Low CLV,Low Risk
680,0.11,39.48936170212766,No Action,True,39.48936170212766,Low CLV,Low Risk
681,0.73,34.21192771084337,No Action,False,0.0,Low CLV,High Risk
682,0.31,241.1224615384616,Promotion,False,-50.0,Low CLV,Low Risk
683,0.81,71.46186440677967,No Action,False,0.0,Low CLV,High Risk
684,0.85,96.99079872204472,No Action,False,0.0,Low CLV,High Risk
685,0.95,220.5938823529412,No Action,False,0.0,Low CLV,High Risk
686,0.89,1038.9131531531532,No Action,False,0.0,High CLV,High Risk
687,0.95,213.88800000000003,No Action,False,0.0,Low CLV,High Risk
688,0.75,3740.135294117648,No Action,False,0.0,High CLV,High Risk
689,0.15,47.7923745819398,No Action,True,47.7923745819398,Low CLV,Low Risk
690,0.82,1503.895161290323,No Action,False,0.0,High CLV,High Risk
691,0.8,57.2,No Action,False,0.0,Low CLV,High Risk
692,0.42,641.5090909090909,No Action,False,0.0,High CLV,Medium Risk
693,0.52,1284.0508833922263,No Action,False,0.0,High CLV,Medium Risk
694,0.25,217.6137716262976,No Action,True,217.6137716262976,Low CLV,Low Risk
695,0.94,9320.502857142856,No Action,False,0.0,High CLV,High Risk
696,0.59,97.36666666666667,No Action,False,0.0,Low CLV,Medium Risk
697,0.09,1912.8120000000004,No Action,True,1912.8120000000004,High CLV,Low Risk
698,0.25,3491.217391304348,No Action,True,3491.217391304348,High CLV,Low Risk
699,0.15,619.4487272727273,No Action,True,619.4487272727273,High CLV,Low Risk
700,0.68,148.08757396449704,No Action,False,0.0,Low CLV,High Risk
701,0.86,842.9808403361345,No Action,False,0.0,High CLV,High Risk
702,0.28,9366.05,No Action,True,9366.05,High CLV,Low Risk
703,0.9,284.57905759162304,No Action,False,0.0,Low CLV,High Risk
704,0.82,224.28425531914897,No Action,False,0.0,Low CLV,High Risk
705,0.55,65.406,No Action,False,0.0,Low CLV,Medium Risk
706,0.43,1203.4374657534247,No Action,True,1203.4374657534247,High CLV,Medium Risk
707,0.85,545.7357983193277,No Action,False,0.0,High CLV,High Risk
708,0.64,469.376,No Action,False,0.0,Low CLV,Medium Risk
709,0.85,855.9171929824561,No Action,False,0.0,High CLV,High Risk
710,0.76,1561.7656387665202,No Action,False,0.0,High CLV,High Risk
711,0.75,3468.332,No Action,False,0.0,High CLV,High Risk
712,0.81,1999.4864516129037,No Action,False,0.0,High CLV,High Risk
713,0.74,7.594355828220859,No Action,False,0.0,Low CLV,High Risk
714,0.55,620.9699999999999,No Action,False,0.0,High CLV,Medium Risk
715,0.17,140.34553314121035,Promotion,True,90.34553314121035,Low CLV,Low Risk
716,0.13,61.3884476534296,No Action,True,61.3884476534296,Low CLV,Low Risk
717,0.4,886.0970149253731,No Action,True,886.0970149253731,High CLV,Medium Risk
718,0.61,36897.14823529412,No Action,False,0.0,High CLV,Medium Risk
719,0.64,462.1227049180328,No Action,False,0.0,Low CLV,Medium Risk
720,0.07,490.05913793103446,No Action,True,490.05913793103446,Low CLV,Low Risk
721,0.81,113.42222222222225,No Action,True,113.42222222222225,Low CLV,High Risk
722,0.79,39.8293,Promotion,False,-50.0,Low CLV,High Risk
723,0.32,1065.703859649123,No Action,True,1065.703859649123,High CLV,Low Risk
724,0.02,1931.7339759036145,No Action,True,1931.7339759036145,High CLV,Low Risk
725,0.55,736.6871794871795,No Action,False,0.0,High CLV,Medium Risk
726,0.92,1031.3243165467627,No Action,False,0.0,High CLV,High Risk
727,0.85,3730.2171428571432,No Action,False,0.0,High CLV,High Risk
728,0.1,233.8983870967742,No Action,True,233.8983870967742,Low CLV,Low Risk
729,0.05,217.9887453874539,No Action,True,217.9887453874539,Low CLV,Low Risk
730,0.32,11784.129677419354,No Action,True,11784.129677419354,High CLV,Low Risk
731,0.73,2512.261818181818,No Action,True,2512.261818181818,High CLV,High Risk
732,0.22,356.73,No Action,True,356.73,Low CLV,Low Risk
733,0.06,378.73592814371256,No Action,True,378.73592814371256,Low CLV,Low Risk
734,0.82,113.36577777777778,No Action,True,113.36577777777778,Low CLV,High Risk
735,0.22,291.5231638418079,No Action,True,291.5231638418079,Low CLV,Low Risk
736,0.25,843.2007246376811,No Action,True,843.2007246376811,High CLV,Low Risk
737,0.41,1528.3707352941176,No Action,True,1528.3707352941176,High CLV,Medium Risk
738,0.48,48.88834782608696,No Action,True,48.88834782608696,Low CLV,Medium Risk
739,0.89,118.88392156862749,No Action,False,0.0,Low CLV,High Risk
740,0.08,803.5199999999999,No Action,True,803.5199999999999,High CLV,Low Risk
741,0.83,761.2312437810946,No Action,False,0.0,High CLV,High Risk
742,0.97,567.4231578947368,No Action,False,0.0,High CLV,High Risk
743,0.49,204.46409638554212,No Action,False,0.0,Low CLV,Medium Risk
744,0.43,997.7929805013928,No Action,True,997.7929805013928,High CLV,Medium Risk
745,0.17,2867.37,No Action,False,0.0,High CLV,Low Risk
746,0.84,27.24923076923077,No Action,False,0.0,Low CLV,High Risk
747,0.26,179.3321052631579,No Action,True,179.3321052631579,Low CLV,Low Risk
748,0.62,2.683406940063092,No Action,False,0.0,Low CLV,Medium Risk
749,0.82,314.43766233766235,No Action,True,314.43766233766235,Low CLV,High Risk
750,0.27,3376.9025641025646,No Action,True,3376.9025641025646,High CLV,Low Risk
751,0.29,189.02260714285717,No Action,True,189.02260714285717,Low CLV,Low Risk
752,0.56,9.89483606557377,No Action,True,9.89483606557377,Low CLV,Medium Risk
753,0.08,197.2574850299401,No Action,True,197.2574850299401,Low CLV,Low Risk
754,0.91,1084.5972670807453,No Action,False,0.0,High CLV,High Risk
755,0.27,3183.885714285714,No Action,True,3183.885714285714,High CLV,Low Risk
756,0.22,189.8947368421053,No Action,True,189.8947368421053,Low CLV,Low Risk
757,0.72,1321.6773684210525,No Action,True,1321.6773684210525,High CLV,High Risk
758,0.15,462.5144262295082,No Action,True,462.5144262295082,Low CLV,Low Risk
759,0.24,418.73230769230776,No Action,True,418.73230769230776,Low CLV,Low Risk
760,0.21,189.15053254437868,No Action,True,189.15053254437868,Low CLV,Low Risk
761,0.69,114.05333333333334,No Action,True,114.05333333333334,Low CLV,High Risk
762,0.78,343.7830841121495,No Action,False,0.0,Low CLV,High Risk
763,0.18,1702.1045454545451,No Action,False,0.0,High CLV,Low Risk
764,0.14,270.1593162393163,No Action,False,0.0,Low CLV,Low Risk
765,0.51,358.7833333333333,No Action,True,358.7833333333333,Low CLV,Medium Risk
766,0.7,155.90712074303406,No Action,True,155.90712074303406,Low CLV,High Risk
767,0.57,105.28338461538462,No Action,False,0.0,Low CLV,Medium Risk
768,0.17,4566.611538461539,No Action,True,4566.611538461539,High CLV,Low Risk
769,0.66,65.21288888888888,No Action,True,65.21288888888888,Low CLV,Medium Risk
770,0.2,36.11162790697674,No Action,True,36.11162790697674,Low CLV,Low Risk
771,0.26,343.66062992125984,No Action,False,0.0,Low CLV,Low Risk
772,0.15,180.89184290030207,No Action,False,0.0,Low CLV,Low Risk
773,0.22,224.00962406015037,No Action,True,224.00962406015037,Low CLV,Low Risk
774,0.21,1796.3673913043478,No Action,False,0.0,High CLV,Low Risk
775,0.62,77.98717948717949,No Action,True,77.98717948717949,Low CLV,Medium Risk
776,0.85,1544.0727272727274,No Action,False,0.0,High CLV,High Risk
777,0.75,5141.2725,No Action,False,0.0,High CLV,High Risk
778,0.16,92.88442477876106,No Action,True,92.88442477876106,Low CLV,Low Risk
779,0.88,131.40425531914892,No Action,False,0.0,Low CLV,High Risk
780,0.92,21.557216494845363,No Action,False,0.0,Low CLV,High Risk
781,0.28,332.61324503311255,No Action,True,332.61324503311255,Low CLV,Low Risk
782,0.86,37.78268292682927,No Action,False,0.0,Low CLV,High Risk
783,0.16,1057.4964705882353,No Action,True,1057.4964705882353,High CLV,Low Risk
784,0.88,0.2851851851851851,No Action,False,0.0,Low CLV,High Risk
785,0.76,766.9898360655737,No Action,False,0.0,High CLV,High Risk
786,0.89,427.86,No Action,False,0.0,Low CLV,High Risk
787,0.87,158.2932584269663,No Action,False,0.0,Low CLV,High Risk
788,0.09,286.13181818181823,No Action,True,286.13181818181823,Low CLV,Low Risk
789,0.76,8723.736774193549,No Action,False,0.0,High CLV,High Risk
790,0.21,8950.141621621622,No Action,True,8950.141621621622,High CLV,Low Risk
791,0.47,841.770989010989,No Action,True,841.770989010989,High CLV,Medium Risk
792,0.24,1393.7826174496645,No Action,True,1393.7826174496645,High CLV,Low Risk
793,0.4,1214.9133333333332,No Action,False,0.0,High CLV,Medium Risk
794,0.88,594.1671653543308,No Action,False,0.0,High CLV,High Risk
795,0.55,12.691950464396283,No Action,False,0.0,Low CLV,Medium Risk
796,0.85,3126.064827586207,No Action,False,0.0,High CLV,High Risk
797,0.28,1103.8682539682538,No Action,False,0.0,High CLV,Low Risk
798,0.09,142.72066115702478,No Action,True,142.72066115702478,Low CLV,Low Risk
799,0.86,242.90753424657532,No Action,False,0.0,Low CLV,High Risk
800,0.5,1205.833846153846,No Action,False,0.0,High CLV,Medium Risk
801,0.87,240.76334545454543,No Action,False,0.0,Low CLV,High Risk
802,0.47,431.51040000000006,No Action,True,431.51040000000006,Low CLV,Medium Risk
803,0.74,361.2905300353357,No Action,True,361.2905300353357,Low CLV,High Risk
804,0.37,518.2228125,No Action,False,0.0,High CLV,Medium Risk
805,0.73,2475.3416949152543,No Action,False,0.0,High CLV,High Risk
806,0.73,151.0460689655173,No Action,False,0.0,Low CLV,High Risk
807,0.11,37.18214285714286,No Action,True,37.18214285714286,Low CLV,Low Risk
808,0.69,78.91950000000001,No Action,True,78.91950000000001,Low CLV,High Risk
809,0.35,49.88964705882353,No Action,True,49.88964705882353,Low CLV,Medium Risk
810,0.47,9626.16,No Action,True,9626.16,High CLV,Medium Risk
811,0.9,820.9333333333333,No Action,False,0.0,High CLV,High Risk
812,0.26,1086.08,No Action,True,1086.08,High CLV,Low Risk
813,0.22,106.92941860465116,No Action,False,0.0,Low CLV,Low Risk
814,0.15,23712.0,No Action,True,23712.0,High CLV,Low Risk
815,0.87,394.1420979020979,No Action,False,0.0,Low CLV,High Risk
816,0.79,4329.58329113924,No Action,False,0.0,High CLV,High Risk
817,0.62,1890.0896,No Action,False,0.0,High CLV,Medium Risk
818,0.12,78.41739726027396,No Action,True,78.41739726027396,Low CLV,Low Risk
819,0.72,1526.9061818181815,No Action,False,0.0,High CLV,High Risk
820,0.26,27.84375,No Action,False,0.0,Low CLV,Low Risk
821,0.09,29.952820512820512,No Action,False,0.0,Low CLV,Low Risk
822,0.04,2366.962604651163,No Action,True,2366.962604651163,High CLV,Low Risk
823,0.16,82.23123028391166,No Action,True,82.23123028391166,Low CLV,Low Risk
824,0.27,352.3352380952381,No Action,False,0.0,Low CLV,Low Risk
825,0.19,85.35961722488038,No Action,True,85.35961722488038,Low CLV,Low Risk
826,0.83,698.42575,No Action,False,0.0,High CLV,High Risk
827,0.88,504.3336734693878,No Action,False,0.0,High CLV,High Risk
828,0.19,1046.9089783281734,No Action,True,1046.9089783281734,High CLV,Low Risk
829,0.92,62.98978723404255,No Action,False,0.0,Low CLV,High Risk
830,0.62,425.1448598130841,No Action,False,0.0,Low CLV,Medium Risk
831,0.38,541.5822000000001,No Action,True,541.5822000000001,High CLV,Medium Risk
832,0.89,21.203557046979864,No Action,False,0.0,Low CLV,High Risk
833,0.13,204.51375,No Action,False,0.0,Low CLV,Low Risk
834,0.83,1268.0177777777778,No Action,False,0.0,High CLV,High Risk
835,0.16,390.1991452991453,No Action,True,390.1991452991453,Low CLV,Low Risk
836,0.81,262.3668965517241,No Action,True,262.3668965517241,Low CLV,High Risk
837,0.43,603.1716763005779,No Action,False,0.0,High CLV,Medium Risk
838,0.79,357.60182926829265,No Action,True,357.60182926829265,Low CLV,High Risk
839,0.2,144.00774193548386,No Action,False,0.0,Low CLV,Low Risk
840,0.8,95.16599999999998,No Action,False,0.0,Low CLV,High Risk
841,0.86,16778.32,No Action,False,0.0,High CLV,High Risk
842,0.9,765.799375,No Action,True,765.799375,High CLV,High Risk
843,0.12,463.1807228915663,No Action,True,463.1807228915663,Low CLV,Low Risk
844,0.54,160.4925,No Action,False,0.0,Low CLV,Medium Risk
845,0.28,1109.0710526315788,No Action,True,1109.0710526315788,High CLV,Low Risk
846,0.7,212.62266666666665,No Action,False,0.0,Low CLV,High Risk
847,0.84,405.0903092783505,No Action,False,0.0,Low CLV,High Risk
848,0.22,361.82327586206895,No Action,True,361.82327586206895,Low CLV,Low Risk
849,0.23,1439.5848979591838,No Action,True,1439.5848979591838,High CLV,Low Risk
850,0.28,105.75882352941176,No Action,False,0.0,Low CLV,Low Risk
851,0.77,1864.63853820598,No Action,False,0.0,High CLV,High Risk
852,0.75,52.42058823529412,No Action,False,0.0,Low CLV,High Risk
853,0.94,7087.5,No Action,False,0.0,High CLV,High Risk
854,0.52,46.11628865979382,No Action,True,46.11628865979382,Low CLV,Medium Risk
855,0.8,1873.578571428572,No Action,False,0.0,High CLV,High Risk
856,0.21,488.72571428571433,Promotion,True,438.72571428571433,Low CLV,Low Risk
857,0.7,10.960528301886791,No Action,False,0.0,Low CLV,High Risk
858,0.89,110.6652380952381,No Action,False,0.0,Low CLV,High Risk
859,0.24,3168.5887179487177,No Action,False,0.0,High CLV,Low Risk
860,0.86,139.7029090909091,No Action,False,0.0,Low CLV,High Risk
861,0.24,311.01854304635765,No Action,True,311.01854304635765,Low CLV,Low Risk
862,0.86,3231.36,No Action,False,0.0,High CLV,High Risk
863,0.19,1472.760634920635,No Action,True,1472.760634920635,High CLV,Low Risk
864,0.08,242.69270386266095,No Action,True,242.69270386266095,Low CLV,Low Risk
865,0.93,456.83983957219255,No Action,False,0.0,Low CLV,High Risk
866,0.83,666.2173584905661,No Action,False,0.0,High CLV,High Risk
867,0.29,117.5107438016529,No Action,False,0.0,Low CLV,Low Risk
868,0.9,1109.6804705882355,No Action,False,0.0,High CLV,High Risk
869,0.71,186.6782950819672,No Action,False,0.0,Low CLV,High Risk
870,0.9,116.04632183908043,No Action,False,0.0,Low CLV,High Risk
871,0.7,11672.818181818182,No Action,True,11672.818181818182,High CLV,High Risk
872,0.42,4128.676137931035,No Action,False,0.0,High CLV,Medium Risk
873,0.15,511.9329341317365,No Action,True,511.9329341317365,High CLV,Low Risk
874,0.37,688.1380203045686,No Action,True,688.1380203045686,High CLV,Medium Risk
875,0.64,72.5090625,No Action,False,0.0,Low CLV,Medium Risk
876,0.86,162.3027857142857,No Action,False,0.0,Low CLV,High Risk
877,0.22,360.5193103448276,No Action,True,360.5193103448276,Low CLV,Low Risk
878,0.15,291.94973684210527,No Action,True,291.94973684210527,Low CLV,Low Risk
879,0.76,4062.263333333333,No Action,True,4062.263333333333,High CLV,High Risk
880,0.28,3525.707889908257,No Action,False,0.0,High CLV,Low Risk
881,0.75,31.60344827586207,No Action,False,0.0,Low CLV,High Risk
882,0.81,2166.528,No Action,False,0.0,High CLV,High Risk
883,0.82,135.10020895522388,No Action,False,0.0,Low CLV,High Risk
884,0.79,57.22235807860262,No Action,False,0.0,Low CLV,High Risk
885,0.27,573.6645569620254,No Action,True,573.6645569620254,High CLV,Low Risk
886,0.48,1282.0194392523365,No Action,False,0.0,High CLV,Medium Risk
887,0.81,134.50873786407766,No Action,True,134.50873786407766,Low CLV,High Risk
888,0.13,35.05846153846154,No Action,True,35.05846153846154,Low CLV,Low Risk
889,0.85,5486.921848739496,No Action,False,0.0,High CLV,High Risk
890,0.5,130.76364583333333,Promotion,True,80.76364583333333,Low CLV,Medium Risk
891,0.56,4821.3661764705885,No Action,False,0.0,High CLV,Medium Risk
892,0.94,1024.026050420168,No Action,False,0.0,High CLV,High Risk
893,0.3,2287.114893617021,No Action,True,2287.114893617021,High CLV,Low Risk
894,0.21,673.2578947368421,No Action,True,673.2578947368421,High CLV,Low Risk
895,0.73,45.677315436241614,No Action,True,45.677315436241614,Low CLV,High Risk
896,0.95,1981.472307692308,No Action,False,0.0,High CLV,High Risk
897,0.07,74.14372549019608,No Action,True,74.14372549019608,Low CLV,Low Risk
898,0.85,456.6176744186047,No Action,False,0.0,Low CLV,High Risk
899,0.86,952.7173333333334,No Action,False,0.0,High CLV,High Risk
900,0.26,130.53284671532845,No Action,True,130.53284671532845,Low CLV,Low Risk
901,0.23,146.71535545023696,No Action,True,146.71535545023696,Low CLV,Low Risk
902,0.23,58.84057553956836,No Action,True,58.84057553956836,Low CLV,Low Risk
903,0.81,1414.7512195121951,No Action,False,0.0,High CLV,High Risk
904,0.19,224.53717948717951,No Action,True,224.53717948717951,Low CLV,Low Risk
905,0.75,1454.0048695652172,No Action,True,1454.0048695652172,High CLV,High Risk
906,0.48,2296.193103448276,No Action,False,0.0,High CLV,Medium Risk
907,0.97,946.1596363636364,No Action,False,0.0,High CLV,High Risk
908,0.44,49.23957446808511,No Action,True,49.23957446808511,Low CLV,Medium Risk
909,0.77,161.94174757281553,No Action,False,0.0,Low CLV,High Risk
910,0.78,4927.38,No Action,False,0.0,High CLV,High Risk
911,0.5,124.53152173913044,No Action,True,124.53152173913044,Low CLV,Medium Risk
912,0.65,1640.2593103448276,No Action,False,0.0,High CLV,Medium Risk
913,0.17,201.17231046931408,No Action,False,0.0,Low CLV,Low Risk
914,0.8,878.7730569948187,No Action,True,878.7730569948187,High CLV,High Risk
915,0.67,937.9024390243902,No Action,False,0.0,High CLV,High Risk
916,0.12,21.866523605150213,No Action,True,21.866523605150213,Low CLV,Low Risk
917,0.83,339.336170212766,No Action,False,0.0,Low CLV,High Risk
918,0.88,253.49454545454543,No Action,False,0.0,Low CLV,High Risk
919,0.3,11949.93,No Action,False,0.0,High CLV,Low Risk
920,0.17,467.2346341463415,No Action,True,467.2346341463415,Low CLV,Low Risk
921,0.67,981.944936708861,No Action,False,0.0,High CLV,High Risk
922,0.24,348.92687224669606,No Action,True,348.92687224669606,Low CLV,Low Risk
923,0.14,412.8596153846154,No Action,True,412.8596153846154,Low CLV,Low Risk
924,0.19,867.1588023952096,No Action,True,867.1588023952096,High CLV,Low Risk
925,0.85,73.337004048583,No Action,False,0.0,Low CLV,High Risk
926,0.49,5214.524,No Action,True,5214.524,High CLV,Medium Risk
927,0.2,56.56444444444443,No Action,True,56.56444444444443,Low CLV,Low Risk
928,0.59,1280.0359842519686,No Action,False,0.0,High CLV,Medium Risk
929,0.31,33.01360824742268,No Action,True,33.01360824742268,Low CLV,Low Risk
930,0.1,278.362470119522,No Action,True,278.362470119522,Low CLV,Low Risk
931,0.87,2828.7696428571426,No Action,False,0.0,High CLV,High Risk
932,0.08,214.40204545454543,No Action,True,214.40204545454543,Low CLV,Low Risk
933,0.95,157.19449541284405,No Action,False,0.0,Low CLV,High Risk
934,0.17,423.024,No Action,True,423.024,Low CLV,Low Risk
935,0.79,3825.33125,No Action,False,0.0,High CLV,High Risk
936,0.53,11939.675,No Action,False,0.0,High CLV,Medium Risk
937,0.16,1468.1954225352113,No Action,True,1468.1954225352113,High CLV,Low Risk
938,0.53,34.616574585635355,No Action,True,34.616574585635355,Low CLV,Medium Risk
939,0.08,33939.72,No Action,True,33939.72,High CLV,Low Risk
940,0.78,1952.5028571428572,No Action,False,0.0,High CLV,High Risk
941,0.92,486.2131578947368,No Action,False,0.0,Low CLV,High Risk
942,0.73,307.23531034482755,No Action,False,0.0,Low CLV,High Risk
943,0.5,1814.707692307692,No Action,False,0.0,High CLV,Medium Risk
944,0.93,1541.2663829787234,No Action,False,0.0,High CLV,High Risk
945,0.21,1007.7916666666669,No Action,True,1007.7916666666669,High CLV,Low Risk
946,0.55,621.558,No Action,True,621.558,High CLV,Medium Risk
947,0.89,102.85789090909093,No Action,False,0.0,Low CLV,High Risk
948,0.28,5471.098021978021,No Action,False,0.0,High CLV,Low Risk
949,0.08,84.40551724137931,No Action,True,84.40551724137931,Low CLV,Low Risk
950,0.86,1010.4940206185566,No Action,False,0.0,High CLV,High Risk
951,0.86,4155.392045454545,No Action,False,0.0,High CLV,High Risk
952,0.83,1270.3223076923075,No Action,False,0.0,High CLV,High Risk
953,0.79,28.187068965517245,No Action,True,28.187068965517245,Low CLV,High Risk
954,0.46,635.928,No Action,False,0.0,High CLV,Medium Risk
955,0.53,29.39892857142857,No Action,True,29.39892857142857,Low CLV,Medium Risk
956,0.09,41.39174311926606,No Action,True,41.39174311926606,Low CLV,Low Risk
957,0.66,12.839423728813555,No Action,True,12.839423728813555,Low CLV,Medium Risk
958,0.69,178.62136363636364,No Action,False,0.0,Low CLV,High Risk
959,0.9,1428.722580645161,No Action,False,0.0,High CLV,High Risk
960,0.2,532.6854054054054,No Action,True,532.6854054054054,High CLV,Low Risk
961,0.81,132.65337539432176,No Action,False,0.0,Low CLV,High Risk
962,0.41,1675.2237623762378,No Action,False,0.0,High CLV,Medium Risk
963,0.08,15.023333333333332,No Action,True,15.023333333333332,Low CLV,Low Risk
964,0.7,493.43135135135134,No Action,True,493.43135135135134,Low CLV,High Risk
965,0.83,70.77435114503817,No Action,False,0.0,Low CLV,High Risk
966,0.76,26.096768060836503,No Action,True,26.096768060836503,Low CLV,High Risk
967,0.13,1863.075,No Action,True,1863.075,High CLV,Low Risk
968,0.21,198.53215767634856,No Action,True,198.53215767634856,Low CLV,Low Risk
969,0.56,211.968,No Action,True,211.968,Low CLV,Medium Risk
970,0.28,78.0275,No Action,True,78.0275,Low CLV,Low Risk
971,0.84,681.3052208835342,No Action,False,0.0,High CLV,High Risk
972,0.15,665.4166366366366,No Action,False,0.0,High CLV,Low Risk
973,0.8,33.99267857142857,No Action,False,0.0,Low CLV,High Risk
974,0.35,38.564628099173554,No Action,True,38.564628099173554,Low CLV,Medium Risk
975,0.44,91.38260869565218,No Action,True,91.38260869565218,Low CLV,Medium Risk
976,0.86,8.298211382113822,No Action,False,0.0,Low CLV,High Risk
977,0.15,43.00222222222223,No Action,True,43.00222222222223,Low CLV,Low Risk
978,0.93,6807.2134,No Action,False,0.0,High CLV,High Risk
979,0.92,148.2481168831169,No Action,False,0.0,Low CLV,High Risk
980,0.82,1613.4892307692307,No Action,False,0.0,High CLV,High Risk
981,0.88,190.66666666666663,No Action,False,0.0,Low CLV,High Risk
982,0.19,3051.9,No Action,True,3051.9,High CLV,Low Risk
983,0.81,476.873993993994,No Action,False,0.0,Low CLV,High Risk
984,0.39,186.72324324324325,Promotion,False,-50.0,Low CLV,Medium Risk
985,0.24,1174.2157608695654,No Action,True,1174.2157608695654,High CLV,Low Risk
986,0.7,3018.694736842105,No Action,False,0.0,High CLV,High Risk
987,0.84,491.2249211356466,No Action,False,0.0,Low CLV,High Risk
988,0.2,188.1881188118812,No Action,True,188.1881188118812,Low CLV,Low Risk
989,0.84,528.6782608695652,No Action,False,0.0,High CLV,High Risk
990,0.2,308.50714285714287,No Action,True,308.50714285714287,Low CLV,Low Risk
991,0.79,323.8624719101124,No Action,True,323.8624719101124,Low CLV,High Risk
992,0.43,210.39085714285716,No Action,False,0.0,Low CLV,Medium Risk
993,0.93,10.6635838150289,No Action,True,10.6635838150289,Low CLV,High Risk
994,0.18,607.4419354838709,No Action,True,607.4419354838709,High CLV,Low Risk
995,0.86,11605.05,No Action,False,0.0,High CLV,High Risk
996,0.67,51.24431818181818,No Action,False,0.0,Low CLV,High Risk
997,0.59,79.27414772727273,No Action,False,0.0,Low CLV,Medium Risk
998,0.46,1277.8198255813952,No Action,False,0.0,High CLV,Medium Risk
999,0.76,1908.810909090909,No Action,False,0.0,High CLV,High Risk
1000,0.57,1126.5992565055762,No Action,False,0.0,High CLV,Medium Risk
